geo_id,ministry,department,joint_org,plan,strategy,initiative_period,project,bkk_specific,year,policy_type,status,annual_budget,synopsis,kpi
99,กระทรวงมหาดไทย,กรมที่ดิน,,,,,มาตรการลดภาระค่าธรรมเนียมการโอนและจำนอง,No,,S2: Subsidy,Pending,,ลดค่าธรรมเนียมการโอนและจำนองเหลือ 0.01%,
99,กระทรวงการคลัง,กรมธนารักษ์,คณะแพทยศาสตร์โรงพยาบาลรามาธิบดี,,,,โครงการที่พักผู้สูงอายุ รามาฯ-ธนารักษ์,No,,S1: Supply,Active,,การพัฒนาที่อยู่อาศัยพร้อมระบบสวัสดิการทางการแพทย์สำหรับผู้สูงอายุ,
99,กระทรวงการคลัง,"ธนาคารอาคารสงเคราะห์ (ธอส.)
ธนาคารออมสิน",ธนาคารกรุงไทย,,,,โครงการบ้านประชารัฐ,No,,S2: Subsidy,Inactive,,"- สินเชื่อให้กับผู้ประกอบการเอกชนภาคอสังหาริมทรัพย์สร้างที่อยู่อาศัย   
- สินเชื่อให้ประชาชนกู้ซื้อบ้าน",
99,กระทรวงการพัฒนาสังคมและความมั่นคงของมนุษย์ (พม.),การเคหะแห่งชาติ (กคช.),,,,,โครงการยกระดับชุมชนต้นแบบสู่การพัฒนาที่ยั่งยืน (Smart Sustainable Community : SSC) ,No,2567,S3: Stability,Active,,,
99,กระทรวงการพัฒนาสังคมและความมั่นคงของมนุษย์ (พม.),การเคหะแห่งชาติ (กคช.),,,,,โครงการบ้านดีมีดาวน์,No,,S2: Subsidy,Inactive,,"อุดหนุนเงินดาวน์บ้านสำหรับผู้มีรายได้น้อย 50,000 บาท",
99,กระทรวงการพัฒนาสังคมและความมั่นคงของมนุษย์ (พม.),การเคหะแห่งชาติ (กคช.),,,,,โครงการบ้านเช่าเพื่อผู้มีรายได้น้อย,No,,S2: Subsidy,Active,,การจัดหาที่อยู่อาศัยในรูปแบบบ้านเช่าสำหรับผู้มีรายได้น้อย,
99,กระทรวงการพัฒนาสังคมและความมั่นคงของมนุษย์ (พม.),การเคหะแห่งชาติ (กคช.),ธนาคารอาคารสงเคราะห์ (ธอส.),,,,โครงการบ้านเอื้ออาทร,No,,S1: Supply,Active,,การพัฒนาที่อยู่อาศัยราคาประหยัดสำหรับผู้มีรายได้น้อย,
99,"สำนักนายกรัฐมนตรี
กระทรวงคมนาคม
กระทรวงการคลัง
","สำนักเลขาธิการนายกรัฐมนตรี
การรถไฟแห่งประเทศไทย (SRTA)",ธนาคารอาคารสงเคราะห์ (ธอส.),,,,โครงการบ้านเพื่อคนไทย,No,,"S1: Supply, S2: Subsidy",Pending,,การสร้างที่พักอาศัยที่มีคุณภาพในทำเลที่สามารถเดินทางได้สะดวก,
99,กระทรวงการคลัง,ธนาคารออมสิน,,,,,โครงการสินเชื่อบ้านออมสินเพื่อประชาชน ,No,,S2: Subsidy,Active,,,
99,กระทรวงการคลัง,ธนาคารออมสิน,,,,,โครงการสินเชื่อ GSB D-HOME,No,,S2: Subsidy,Active,,สนับสนุนผู้ประกอบการในการพัฒนาโครงการที่อยู่อาศัยสำหรับผู้มีรายได้น้อย,
99,กระทรวงการคลัง,ธนาคารออมสิน,,,,,โครงการสินเชื่อเพื่อพัฒนาที่อยู่อาศัยสำหรับผู้มีรายได้น้อย,No,,S2: Subsidy,Active,,สินเชื่อดอกเบี้ยต่ำสำหรับการซ่อมแซมและพัฒนาที่อยู่อาศัย,
99,กระทรวงการคลัง,ธนาคารอาคารสงเคราะห์ (ธอส.),,,,,โครงการบ้านธอส.เพื่อสานรัก,No,,S2: Subsidy,Inactive,,สินเชื่อที่อยู่อาศัยอัตราดอกเบี้ยพิเศษสำหรับคู่สมรสใหม่,
99,กระทรวงการคลัง,ธนาคารอาคารสงเคราะห์ (ธอส.),,,,,โครงการให้สินเชื่อแก่ข้าราชการบำนาญโดยนำสิทธิในบำเหน็จตกทอดเป็นหลักประกัน,No,,S2: Subsidy,Active,,สินเชื่อพิเศษสำหรับข้าราชการเกษียณ,
99,กระทรวงการคลัง,ธนาคารอาคารสงเคราะห์ (ธอส.),,,,,โครงการบ้านล้านหลัง (เฟช1-3),No,,"S1: Supply, S2: Subsidy",Active,,สินเชื่อที่อยู่อาศัยดอกเบี้ยต่ำสำหรับผู้มีรายได้น้อยถึงปานกลาง,
99,กระทรวงการคลัง,ธนาคารอาคารสงเคราะห์ (ธอส.),,,,,โครงการบ้านกตัญญูเลี้ยงดูบุพการี,No,,S2: Subsidy,Active,,สินเชื่อที่อยู่อาศัยสำหรับการดูแลผู้สูงอายุในครอบครัว,
99,กระทรวงการคลัง,ธนาคารอาคารสงเคราะห์ (ธอส.),,,,,โครงการสินเชื่อที่อยู่อาศัยเพื่อคนพิการ ปี 2568,No,,S2: Subsidy,Active,,,
99,กระทรวงการคลัง,ธนาคารอาคารสงเคราะห์ (ธอส.),,,,,สินเชื่อที่อยู่อาศัยสำหรับผู้สูงอายุ (Reverse Mortgage),No,,S2: Subsidy,Active,,,
99,กระทรวงการคลัง,ธนาคารอาคารสงเคราะห์ (ธอส.),,,,,สินเชื่อโครงการส่งเสริมธุรกิจตลาดบ้านมือสอง ปี 2568,No,,S2: Subsidy,Active,,,
99,กระทรวงการคลัง,ธนาคารอาคารสงเคราะห์ (ธอส.),,,,,สินเชื่อพัฒนาโครงการ (Pre Finance) สำหรับผู้ประกอบการโครงการบ้าน BOI ปี 2568,No,,S2: Subsidy,Active,,,
99,กระทรวงการคลัง,ธนาคารอาคารสงเคราะห์ (ธอส.),,,,,สินเชื่อสำหรับซื้อทรัพย์ บ้านมือสอง ธอส.,No,,S2: Subsidy,Active,,,
99,กระทรวงการคลัง,ธนาคารอาคารสงเคราะห์ (ธอส.),,,,,โครงการสินเชื่อ Aging Home ปี 2568,No,,S2: Subsidy,Active,,,
99,กระทรวงการคลัง,ธนาคารอาคารสงเคราะห์ (ธอส.),,,,,โครงการบ้าน ธอส. สร้างสุขเพื่อผู้สูงวัย ปี 2568,No,,S2: Subsidy,Active,,,
99,กระทรวงการคลัง,ธนาคารอาคารสงเคราะห์ (ธอส.),,,,,โครงการสินเชื่อ Senior Home 4U ปี 2568,No,,S2: Subsidy,Active,,,
99,กระทรวงการคลัง,ธนาคารอาคารสงเคราะห์ (ธอส.),,,,,โครงการสินเชื่อ Senior Home 2U ปี 2568,No,,S2: Subsidy,Active,,,
99,กระทรวงการคลัง,"ธนาคารอาคารสงเคราะห์ (ธอส.)
กองทุนบำเหน็จบำนาญข้าราชการ (กบข.)",,,,,โครงการบ้าน ธอส. - กบข. เพื่อที่อยู่อาศัยข้าราชการ,No,,S2: Subsidy,Active,,สินเชื่อที่อยู่อาศัยสำหรับข้าราชการ,
99,กระทรวงการคลัง,"ธนาคารอาคารสงเคราะห์ (ธอส.)
ธนาคารออมสิน",,,,,โครงการสินเชื่อที่อยู่อาศัยเพื่อสวัสดิการแห่งรัฐ,No,,S2: Subsidy,Inactive,,สินเชื่อดอกเบี้ยต่ำสำหรับผู้ถือบัตรสวัสดิการแห่งรัฐ,
99,กระทรวงการคลัง,"ธนาคารอาคารสงเคราะห์ (ธอส.)
ธนาคารออมสิน",,,,,โครงการสินเชื่อที่อยู่อาศัยเพื่อช่วยเหลือผู้ประสบภัยพิบัติ,No,,S2: Subsidy,Active,,สินเชื่อพิเศษสำหรับซ่อมแซมที่อยู่อาศัยที่ได้รับความเสียหาย,
99,กระทรวงการพัฒนาสังคมและความมั่นคงของมนุษย์ (พม.),สถาบันพัฒนาองค์กรชุมชน (พอช.),"สภาองค์กรชุมชนตำบล
กองทุนสวัสดิการชุมชนระดับตำบล
เครือข่ายที่อยู่อาศัยสหกรณ์ กลุ่มออมทรัพย์ และองค์กรผู้ใช้สินเชื่อ",,,,โครงการเสริมสร้างความเข้มแข็งชุมชนท้องถิ่นสู่ความมั่นคงของมนุษย์ตามแนวเศรษฐกิจพอเพียง ด้วยระบบข้อมูล TPMAP และข้อมูลที่เกี่ยวข้อง,No,,"S2: Subsidy, S3: Stability",Active,,"""เพื่อให้ตำบล/เมือง มีข้อมูลและแผนพัฒนาชุมชนท้องถิ่น ให้สามารถดำเนินการแก้ไขปัญหาในพื ้นที่ ส่งเสริมการพัฒนาอาชีพ เชื่อมโยงและช่วยเหลือกลุ่มเปราะบาง พัฒนาความรู้ ทักษะอาชีพ/รายได้ให้กับคนรุ่นใหม่ รวมถึงจังหวัดสามารถจัดระบบข้อมูลและดัชนีชี้วัดความเข้มแข็งของชุมชนอย่างเป็นระบบ""",
99,กระทรวงการพัฒนาสังคมและความมั่นคงของมนุษย์ (พม.),กรมส่งเสริมและพัฒนาคุณภาพชีวิตคนพิการ (พก.),,,,,โครงการปรับสภาพแวดล้อมที่อยู่อาศัยสำหรับคนพิการ ,No,2567,S3: Stability,Active,,"คู่มือการปรับสภาพแวดล้อมที่อยู่อาศัยสำหรับคนพิการ
สามารถเปิดอ่านในรูปแบบ E-Book",
99,กระทรวงการพัฒนาสังคมและความมั่นคงของมนุษย์ (พม.),กองส่งเสริมสวัสดิการและคุ้มครองสิทธิผู้สูงอายุ (สคส.),,,,,โครงการปรับสภาพแวดล้อมและสิ่งอำนวยความสะดวกของผู้สูงอายุให้เหมาะสมและปลอดภัย,No,2567,S3: Stability,Active,,คู่มือรูปแบบ E-Book,
99,กระทรวงการพัฒนาสังคมและความมั่นคงของมนุษย์ (พม.),กรมกิจการเด็กและเยาวชน (ดย.),,,,,โครงการบ้านที่ปลอดภัยสำหรับเด็ก  ด้วยการซ่อมแซมบ้านให้กับครอบครัวเด็กเปราะบางทั่วประเทศ  โดยทำงานร่วมกับหุ้นส่วนการพัฒนาสังคมในพื้นที่,No,2565,S3: Stability,Active,,ซ่อมสร้าง เด็ก,
99,กระทรวงมหาดไทย,องค์กรปกครองส่วนท้องถิ่น (อปท.),,,,,โครงการซ่อมแซมบ้านเรือนราษฎรที่ยากจนและด้อยโอกาส ,No,,S3: Stability,Active,,ดำเนินการผ่านอปท.พื้นที่,
99,"กระทรวงการพัฒนาสังคมและความมั่นคงของมนุษย์ (พม.)
สำนักนายกรัฐมนตรี
กรุงเทพมหานคร","กรมพัฒนาสังคมและสวัสดิการ (พส.)
สำนักงานกองทุนสนับสนุนการสร้างเสริมสุขภาพ (สสส.)
สถาบันพัฒนาองค์กรชุมชน (พอช.)","มูลนิธิพัฒนาที่อยู่อาศัย
เครือข่ายคนไร้บ้าน
สถาบันเอเชียศึกษา จุฬาลงกรณ์มหาวิทยาลัย",,,,โครงการที่อยู่อาศัย ‘คนละครึ่ง’ สำหรับคนไร้บ้าน,Yes,2566,"S2: Subsidy, S3: Stability",Active,," ""แชร์"" ค่าเช่าที่อยู่อาศัย โดยคนไร้บ้านจ่าย 60%",
99,"กระทรวงการพัฒนาสังคมและความมั่นคงของมนุษย์ (พม.)
องค์การปกครองส่วนท้องถิ่น (อปท.)
กระทรวงกลาโหม","เหล่ากาชาดจังหวัดยะลา
ศูนย์ปฏิบัติการอำเภอบันนังสตา
หน่วยเฉพาะกิจกรมทหารพรานที่ 33",,,,,โครงการตำบลมั่นคง มั่งคั่ง ยั่งยืน ในจังหวัดชายแดนภาคใต้ ,BKK Excluded,,"S1: Supply, S3: Stability",Active,,,
99,กระทรวงการพัฒนาสังคมและความมั่นคงของมนุษย์ (พม.),"กรมกิจการผู้สูงอายุ
ศูนย์พัฒนาการจัดสวัสดิการสังคมผู้สูงอายุบ้านบางแค",,,,,โครงการบ้านบางแค,Yes,,S2: Subsidy,Active,,บ้านพักคนชรา โดยมีกลุ่มที่ไม่สามารถช่วยเหลือตนเองได้ 69/225 คน ช่วยเหลือตนเองได้ปานกลาง 32/225 คน (ข้อมูลปี 2566),
99,กระทรวงการพัฒนาสังคมและความมั่นคงของมนุษย์ (พม.),สถาบันพัฒนาองค์กรชุมชน (พอช.),,,,,โครงการบ้านพอเพียง,No,,S2: Subsidy,Active,,,
99,กระทรวงการพัฒนาสังคมและความมั่นคงของมนุษย์ (พม.),สถาบันพัฒนาองค์กรชุมชน (พอช.),,,,,โครงการพัฒนาที่อยู่อาศัยชุมชนริมคลอง,Yes,,S1: Supply,Active,,การจัดระเบียบและพัฒนาที่อยู่อาศัยริมคลอง (ลาดพร้าว/คลองเปรม),
99,กระทรวงการพัฒนาสังคมและความมั่นคงของมนุษย์ (พม.),สถาบันพัฒนาองค์กรชุมชน (พอช.),,,,,โครงการบ้านมั่นคง,No,,S1: Supply,Active,,การพัฒนาที่อยู่อาศัยและปรับปรุงชุมชนแออัด,
,,หอการค้าแห่งประเทศไทย,,,,,มาตราการBOI ส่งเสริมกิจการที่อยู่อาศัยสำหรับผู้มีรายได้น้อย,No,,S1: Supply,Active,,,
99,กระทรวงการพัฒนาสังคมและความมั่นคงของมนุษย์ (พม.),การเคหะแห่งชาติ (กคช.),,,,,โครงการพัฒนาที่อยู่อาศัยรองรับ EEC,BKK Excluded,,S1: Supply,Active,,"การพัฒนาที่อยู่อาศัยในพื้นที่ EEC
      1. โครงการชลบุรี – บ่อวิน ระยะที่ 2 จำนวน 415 หน่วย
      2. โครงการเคหะชุมชน ระยอง – ตะพง 344 หน่วย
      3. โครงการอาคารเช่า ฉะเชิงเทรา – บางปะกง 588 หน่วย
      4. โครงการอาคารเช่า ชลบุรี – แหลมฉบัง จำนวน 544 หน่วย
และโครงการร่มเกล้าคอนเน็คชั่น ประตูสู่ EEC
",
99,กระทรวงการคลัง,ธนาคารอาคารสงเคราะห์ (ธอส.),,,,,โครงการสินเชื่อที่อยู่อาศัยเพื่อบุคลากรภาครัฐ ปี 2568,No,2568,S2: Subsidy,Active,,,
99,กระทรวงการคลัง,ธนาคารอาคารสงเคราะห์ (ธอส.),,,,,โครงการช่วยเหลือผู้ประกอบการที่หลักประกันแฟลต / บ้านเช่า ได้รับผลกระทบจากสาธารณภัย,No,2568,"S2: Subsidy, S3: Stability",Active,,,
99,สำนักนายกรัฐมนตรี,สำนักงานคณะกรรมการคุ้มครองผู้บริโภค,,,,,กฎหมายควบคุมสัญญาเช่าฉบับปี 2562,No,2562,S3: Stability,Active,,,
99,สำนักนายกรัฐมนตรี,สำนักงานคณะกรรมการกฤษฎีกา,,,,,กฎหมายควบคุมอาคาร พ.ศ.2522,No,2522,S3: Stability,Active,,,
99,กระทรวงการคลัง,ธนาคารอาคารสงเคราะห์ (ธอส.),,,,,โครงการบ้าน ธอส. เพื่อคุณ ปี 2568,No,2568,S2: Subsidy,Active,,,
99,กระทรวงการคลัง,ธนาคารอาคารสงเคราะห์ (ธอส.),,,,,โครงการสินเชื่อพร้อมใช้ ปี 2568,No,2568,S2: Subsidy,Active,,"- เพื่อซื้ออุปกรณ์ หรือสิ่งอำนวยความสะดวกเพื่อประโยชน์ในการอยู่อาศัย
- เพื่อชำระค่าเบี้ยประกันชีวิตคุ้มครองสินเชื่อ (MRTA) พร้อมกับการขอกู้ในวัตถุประสงค์หลักของผลิตภัณฑ์นี้",
99,กระทรวงการคลัง,ธนาคารอาคารสงเคราะห์ (ธอส.),,,,,สินเชื่อบ้านอยู่เย็นเป็นสุข ปี 2568,No,2568,S2: Subsidy,Active,,,
99,กระทรวงการคลัง,ธนาคารอาคารสงเคราะห์ (ธอส.),,,,,สินเชื่อบ้านเพิ่มสุข ปี 2568,No,2568,S2: Subsidy,Active,,,
99,กระทรวงการคลัง,ธนาคารอาคารสงเคราะห์ (ธอส.),,,,,สินเชื่อบ้าน Life Begins with GHB ปี 2568,No,2568,S2: Subsidy,Active,,,
99,กระทรวงการคลัง,ธนาคารอาคารสงเคราะห์ (ธอส.),,,,,สินเชื่อบ้าน GHB Precious ปี 2568,No,2568,S2: Subsidy,Active,,,
99,กระทรวงการคลัง,ธนาคารอาคารสงเคราะห์ (ธอส.),,,,,สินเชื่อเพื่อที่อยู่อาศัย ปี 2568,No,2568,S2: Subsidy,Active,,,
99,กระทรวงการคลัง,ธนาคารอาคารสงเคราะห์ (ธอส.),,,,,โครงการ ธอส. โรงเรียนการเงิน ปี 2567,No,2567,S2: Subsidy,Active,,,
99,กระทรวงการคลัง,ธนาคารอาคารสงเคราะห์ (ธอส.),,,,,โครงการบ้าน ธอส. สุขสบาย ปี 2567,No,2567,S2: Subsidy,Active,,,
99,กระทรวงการคลัง,ธนาคารอาคารสงเคราะห์ (ธอส.),,,,,โครงการบ้าน ธอส. เพื่อปลูกสร้าง ปี 2563,No,2563,S2: Subsidy,Active,,,
99,กระทรวงการคลัง,ธนาคารอาคารสงเคราะห์ (ธอส.),,,,,โครงการลดภาระการผ่อนชำระสำหรับบุคลากรภาครัฐอย่างยั่งยืน,No,2568,S2: Subsidy,Active,,เพื่อเปลี่ยนแปลงอัตราดอกเบี้ยเงินกู้ตามสัญญาที่ทำไว้ก่อนวันที่กำหนดเริ่มโครงการ,
99,กระทรวงการคลัง,ธนาคารอาคารสงเคราะห์ (ธอส.),,,,,โครงการสินเชื่อที่อยู่อาศัยในพื้นที่จังหวัดชายแดนภาคใต้ ปี 2568,BKK Excluded,2568,S2: Subsidy,Active,,,
99,กระทรวงการคลัง,ธนาคารอาคารสงเคราะห์ (ธอส.),,,,,โครงการสินเชื่อบ้าน S-em (self employee) ปี 2568,No,2568,S2: Subsidy,Active,,,
99,กระทรวงการคลัง,ธนาคารอาคารสงเคราะห์ (ธอส.),,,,,สินเชื่อบ้านลูกค้าสวัสดิการ ธอส. ปี 2568,No,2568,S2: Subsidy,Active,,,
99,"กระทรวงการคลัง
กระทรวงสาธารณสุข",ธนาคารอาคารสงเคราะห์ (ธอส.),อาสาสมัครสาธารณสุขประจำหมู่บ้าน (อสม.),,,,โครงการบ้านอยู่ดีมีสุขครอบครัวอาสาสมัครสาธารณสุขประจำหมู่บ้าน (อสม.),No,2568,S2: Subsidy,Active,,สินเชื่อสำหรับอาสาสมัครสาธารณสุขประจำหมู่บ้าน (อสม.),
99,"กระทรวงการคลัง
กระทรวงกลาโหม",ธนาคารอาคารสงเคราะห์ (ธอส.),กองทัพอากาศ,,,,โครงการลดภาระการผ่อนชำระสำหรับบุคลากรกองทัพอากาศ,No,2567,S2: Subsidy,Active,,,
99,"กระทรวงการคลัง
กระทรวงศึกษาธิการ",ธนาคารอาคารสงเคราะห์ (ธอส.),สำนักงานคณะกรรมการส่งเสริมสวัสดิการและสวัสดิภาพครูและบุคลากรทางการศึกษา (สกสค.),,,,โครงการสินเชื่อบ้าน ธอส. – สกสค.,No,2567,S2: Subsidy,Active,,,
99,"กระทรวงการคลัง
กระทรวงศึกษาธิการ",ธนาคารอาคารสงเคราะห์ (ธอส.),บริษัท เสนาดีเวลลอปเม้นท์ จำกัด (มหาชน),,,,โครงการบ้าน ธอส. โรงเรียนการเงิน ปี 2567 x Developer,No,2567,S2: Subsidy,Active,,,
99,กระทรวงการคลัง,ธนาคารอาคารสงเคราะห์ (ธอส.),,,,,โครงการบูรณาการสวัสดิการที่พักอาศัยกับสถานที่ทำงานและศูนย์บริการของข้าราชการพลเรือนสามัญ,No,2567,S2: Subsidy,Active,,,
99,กระทรวงการคลัง,ธนาคารอาคารสงเคราะห์ (ธอส.),,,,,โครงการสินเชื่อชำระหนี้ค่าไถ่ถอนการขายฝากที่อยู่อาศัย ปี 2560,No,2560,S2: Subsidy,Active,,,
99,กระทรวงการคลัง,ธนาคารอาคารสงเคราะห์ (ธอส.),,,,,สินเชื่อประเภทแฟลตให้เช่า/บ้านเช่า (วงเงินกู้ไม่เกิน 5 ล้านบาท) ปี 2568,No,2568,S2: Subsidy,Active,,,
99,กระทรวงการคลัง,ธนาคารอาคารสงเคราะห์ (ธอส.),,,,,สินเชื่อประเภทแฟลตให้เช่า/บ้านเช่า (วงเงินกู้เกิน 5 ล้านบาท) ปี 2568,No,2568,S2: Subsidy,Active,,,
99,กระทรวงการคลัง,ธนาคารอาคารสงเคราะห์ (ธอส.),,,,,"สินเชื่อประเภทแฟลตให้เช่าสำหรับผู้ประกอบการ โครงการสินเชื่อเพื่ออาคารคาร์บอนต่ำ (Project Loan For Carbon Reduction Building) ปี 2568
",No,2568,S2: Subsidy,Active,,,
99,กระทรวงการคลัง,ธนาคารอาคารสงเคราะห์ (ธอส.),,,,,สินเชื่อประเภทแฟลตให้เช่าสำหรับผู้ประกอบการเพื่อติดตั้งโซล่าเซลล์ ปี 2568,No,2568,S2: Subsidy,Active,,,
99,กระทรวงการคลัง,ธนาคารอาคารสงเคราะห์ (ธอส.),,,,,สินเชื่อประเภทแฟลตให้เช่า/บ้านเช่า เพื่อไถ่ถอนจำนอง (Refinance In) (วงเงินกู้เกิน 5 ล้านบาท) ปี 2568,No,2568,"S2: Subsidy, S3: Stability",Active,,,
99,กระทรวงการคลัง,ธนาคารอาคารสงเคราะห์ (ธอส.),,,,,สินเชื่อพัฒนาโครงการ (Pre Finance) สำหรับผู้ประกอบการในตลาดหลักทรัพย์/กลุ่มพันธมิตร ปี 2568,No,2568,"S1: Supply, S2: Subsidy",Active,,,
99,กระทรวงการคลัง,ธนาคารอาคารสงเคราะห์ (ธอส.),,,,,สินเชื่อพัฒนาโครงการ (Pre Finance) สำหรับผู้ประกอบการทั่วไป ปี 2568,No,2568,"S1: Supply, S2: Subsidy",Active,,,
99,กระทรวงการคลัง,ธนาคารอาคารสงเคราะห์ (ธอส.),,,,,"สินเชื่อพัฒนาโครงการ (Pre Finance) สำหรับผู้ประกอบการโครงการสินเชื่อเพื่ออาคารคาร์บอนต่ำ (Project Loan For Carbon Reduction Building) ปี 2568",No,2568,"S1: Supply, S2: Subsidy",Active,,,
99,กระทรวงการคลัง,ธนาคารอาคารสงเคราะห์ (ธอส.),,,,,สินเชื่อสำหรับผู้ประกอบการโฮมสเตย์ (Homestay) ที่พักนักเดินทาง (Home Lodge) ปี 2568,No,2568,S2: Subsidy,Active,,,
99,กระทรวงการคลัง,ธนาคารอาคารสงเคราะห์ (ธอส.),,,,,โครงการช่วยเหลือผู้ประกอบการที่หลักประกันแฟลต / บ้านเช่า ได้รับผลกระทบจากสาธารณภัย,No,2568,"S2: Subsidy, S3: Stability",Active,,,
99,กระทรวงการพัฒนาสังคมและความมั่นคงของมนุษย์ (พม.),สถาบันพัฒนาองค์กรชุมชน (พอช.),,,,,โครงการการพัฒนาที่อยู่อาศัยชุมชนริมคลอง,Yes,2559-2561,"S2: Subsidy, S3: Stability",Active,,ครัวเรือนริมคลองลาดพร้อม และคลองเปรมประชากร จำนวน 74 ชุมชน,
99,กระทรวงการพัฒนาสังคมและความมั่นคงของมนุษย์ (พม.),สถาบันพัฒนาองค์กรชุมชน (พอช.),อนุกรรมการบ้านมั่นคงและการจัดการที่ดิน,,,,โครงการพัฒนาที่อยู่อาศัยชั่วคราว กรณี ไฟไหม้ ไล่รื้อ ภัยพิบัติ,No,2567,"S2: Subsidy, S3: Stability",Active,,,
10,กรุงเทพมหานคร,สำนักการวางผังและพัฒนาเมือง (สวพ.),,,,,FAR bonus (ร่างผังเมืองรวมกทม. ฉบับที่ 4),Yes,2566,S1: Supply,Active,,,
10,กรุงเทพมหานคร,"
สำนักพัฒนาสังคม (สพส.)
สำนักงานพัฒนาที่อยู่อาศัย (สพอ.)

","สำนักงานการพัฒนาชุมชน (สพช.)
สถาบันพัฒนาข้าราชการกรุงเทพมหานคร (สนข.)
สำนักการวางผังและพัฒนาเมือง (สวพ.)
สำนักวิชาการและแผนงาน (สวผ.)
สำนักการระบายน้ำ (สนน.)
สำนักการโยธา (สนย.)
สำนักสิ่งแวดล้อม (สจฝ.)",แผนปฏิบัติการด้านการพัฒนาที่อยู่อาศัย กรุงเทพมหานคร,"ยุทธศาสตร์ที่ 1 การบูรณาการความร่วมมือด้านการพัฒนาที่อยู่อาศัย
กลยุทธ์ที่ 1: ประสานความร่วมมือภายในหน่วยงานของกรุงเทพมหานคร",2566-2575,กิจกรรมประกาศนโยบายเพื่อขับเคลื่อนแผนแม่บท “ทศวรรษแห่งการพัฒนาที่อยู่อาศัยกรุงเทพมหานคร พ.ศ. 2566-2575”,Yes,,S3: Stability,Active,,กำหนดทิศทาง นโยบายและแผนแม่บท นำไปสู่การขับเคลื่อน,"1) นโยบายและแผนแม่บท “ทศวรรษแห่งการพัฒนาที่อยู่อาศัยกรุงเทพมหานคร พ.ศ. 2566 2575” 1 ชุด
2) รายงานประชุม “คณะกรรมการพัฒนาที่อยู่อาศัยระดับเขต” ประจำไตรมาสทุกไตรมาส ของ 50 เขต
3) ข้อเสนอแนะแนวทางแก้ไขปัญหาและยกระดับคุณภาพชีวิตและการอยู่อาศัย ประจำปีของ 50 เขต
4) รายงานประจำปี คณะกรรมการพัฒนาที่อยู่อาศัยกรุงเทพมหานคร เสนอแนะ กฎ ระเบียบ ข้อบังคับที่เกี่ยวข้องกับการยกระดับการอยู่อาศัยทั้งมหานคร
5) การปรับปรุง “คู่มือประสานงานเพื่อการพัฒนาที่อยู่อาศัยกรุงเทพมหานคร พ.ศ. ...” ทุกระยะ 3 ปี"
99,"กรุงเทพมหานคร
กระทรวงการพัฒนาสังคมและความมั่นคงของมนุษย์ (พม.)","
สำนักพัฒนาสังคม (สพส.)
สำนักงานพัฒนาที่อยู่อาศัย (สพอ.)
สถาบันพัฒนาองค์กรชุมชน (พอช.)","สำนักงานการพัฒนาชุมชน (สพช.)
สำนักยุทธศาสตร์และประเมินผล (สยป.)
สำนักการคลัง (สคล.)",แผนปฏิบัติการด้านการพัฒนาที่อยู่อาศัย กรุงเทพมหานคร,"ยุทธศาสตร์ที่ 1 การบูรณาการความร่วมมือด้านการพัฒนาที่อยู่อาศัย
กลยุทธ์ที่ 2 : สร้างกลไกความร่วมมือระหว่างภาคีเครือข่าย ระดับเขตและระดับกรุงเทพมหานคร",,กิจกรรมจัดตั้งคณะกรรมการพัฒนาที่อยู่อาศัยทั้งระดับกรุงเทพมหานคร (ผู้ว่าราชการกรุงเทพมหานคร เป็นประธาน) และคณะกรรมการพัฒนาและแก้ไขปัญหาที่อยู่อาศัยระดับเขต (ผู้อำนวยการเขต เป็นประธาน) ทั้ง 50 เขต,Yes,,S3: Stability,Active,,แต่ละเขตสามารถดำเนินงานด้านการพัฒนาที่อยู่อาศัยได้อย่างสอดคล้องกับบริบทสภาพแวดล้อมจริงของแต่ละเขต,"1) ระดับการรับรู้ทิศทางการดำเนินงานด้านการพัฒนาที่อยู่อาศัยของภาคีเครือข่าย ทั้งภาครัฐ ภาคเอกชนภาควิชาการและภาคประชาสังคมในแต่ละเขต ไม่น้อยกว่าร้อยละ 70 ของประชากรกลุ่มเป้าหมาย
2) คณะกรรมการพัฒนาที่อยู่อาศัยระดับเขต 50 เขต
3) งบประมาณแบบมีส่วนร่วม (Participatory Budgeting) ซึ่งภาคีเครือข่ายทั้งภาครัฐ ภาคเอกชน ภาควิชาการและภาคประชาสังคม จะต้องร่วมกันกำหนดโครงการ ขั้นตอนวิธีการใช้และ การวัดประเมินประสิทธิผลของการใช้งบประมาณ เขตละ 5 10 ล้านบาท ต่อปีงบประมาณ
4) กรอบความร่วมมือพัฒนาที่อยู่อาศัย (MOU) เพื่อการพัฒนาที่อยู่อาศัย อย่างน้อย 1 กรอบ/ปี/เขต ที่ระบุโครงการร่วมมือพัฒนา (Memorandum of Action, MOA) ไม่ต่ำกว่า 1 โครงการ
5) คู่มือดำเนินงานของคณะกรรมการพัฒนาที่อยู่อาศัยระดับเขต เขตละ 1 เล่ม ปรับปรุง ทุกระยะ 3 ปี"
10,กรุงเทพมหานคร,"สำนักพัฒนาสังคม (สพส.)
สำนักงานเขต",,แผนปฏิบัติการด้านการพัฒนาที่อยู่อาศัย กรุงเทพมหานคร,,,โครงการพัฒนาศักยภาพบุคลากรกรุงเทพมหานครด้านการพัฒนาที่อยู่อาศัย,Yes,,S3: Stability,Active,,พัฒนาบุคลากร,"1) บุคลากรกรุงเทพมหานคร ที่ได้รับการแต่งตั้งเป็นคณะทำงานในคณะกรรมการพัฒนา ที่อยู่อาศัยระดับกรุงเทพมหานครและระดับเขต อย่างน้อยร้อยละ 10 ต่อปี ผ่านหลักสูตร “กระบวนการพัฒนาคุณภาพชีวิตและการอยู่อาศัย” และสามารถกำหนดแผนพัฒนาที่อยู่อาศัยของเขตด้วยการใช้งบประมาณอย่างมีส่วนร่วมได้ ภายในระยะเวลา 2 ปี (ปีงบประมาณ 2567)
2) โครงการยกระดับคุณภาพชีวิตและที่อยู่อาศัย อย่างน้อย 1 โครงการ/เขต/ปี ได้รับอนุมัติงบประมาณผ่านคณะกรรมการพัฒนาที่อยู่อาศัยกรุงเทพมหานคร
3) หลักสูตรใหม่อย่างน้อยปีละ 1 หลักสูตร ที่ทำให้ชุมชนมีความเข้มแข็งสามารถพึ่งพาตนเองด้านจัดการคุณภาพชีวิตและที่อยู่อาศัยของชุมชนได้มากขึ้น รวมถึงมีสมาชิกรุ่นใหม่ ๆ ที่มีแนวคิดนวัตกรรมการพัฒนาในรูปแบบสร้างสรรค์ อย่างน้อยปีละ 1 โครงการนวัตกรรม/เขต"
10,กรุงเทพมหานคร,สำนักงานเขต,,แผนปฏิบัติการด้านการพัฒนาที่อยู่อาศัย กรุงเทพมหานคร,"ยุทธศาสตร์ที่ 1 การบูรณาการความร่วมมือด้านการพัฒนาที่อยู่อาศัย
กลยุทธ์ที่ 3 : สร้างเสริมความเข้มแข็งชุมชน",,โครงการสร้างจิตสำนึกและพัฒนาศักยภาพชุมชนในการพัฒนาที่อยู่อาศัย,Yes,,"S3: Stability, SC: Social Capital",Active,,"พัฒนาตัวแทนชุมชน
ผู้นำ/ตัวแทนชุมชนจาก 50 เขต 
จำนวนทั้งสิ้น 2,016 ชุมชน","1) ผู้นำ/ตัวแทนชุมชนจาก 50 เขต จำนวนทั้งสิ้น 2,016 ชุมชน ผ่านการอบรมหลักสูตร “ชุมชนมั่นคง ประชาชนอยู่ดีมีสุข” โดยเมื่อผ่านการอบรมแล้ว ผู้เข้ารับการอบรมควรมีทักษะด้านการพัฒนา ที่อยู่อาศัยและสามารถกระจายองค์ความรู้ออกไปสู่ประชาชนในชุมชนของตนเองให้มากที่สุด เพื่อนำไปสู่ ความเข้าใจที่ถูกต้องและเป็นไปในทิศทางเดียวกันอย่างน้อยเป็นจำนวน ร้อยละ 10 ของจำนวนชุมชนทั้งหมด คิดเป็น 202 คน/ปี
2) ประชาชนในชุมชนไม่น้อยกว่าร้อยละ 50 ของแต่ละชุมชน มีความรู้ความเข้าใจที่ถูกต้อง ในกระบวนการพัฒนาที่อยู่อาศัย ตามแผนและโครงการพัฒนาของแต่ละเขต"
10,กรุงเทพมหานคร,"สำนักพัฒนาสังคม (สพส.)
สำนักงานเขต
สำนักการโยธา (สนย.)
คณะกรรมการที่อยู่อาศัยระดับกรุงเทพมหานคร
คณะกรรมการที่อยู่อาศัยระดับเขต",คณะกรรมการชุมชน,,,,โครงการสำรวจ บันทึกและออกระเบียบข้อบังคับป้องกันรักษาแปลงที่ดินสาธารณะในการดูแลของกรุงเทพมหานคร,Yes,,S3: Stability,Active,,ป้องกันที่ดินสาธารณะ ก่อนที่จะมีการบุกรุก,"1) กรุงเทพมหานครมีระเบียบ “ข้อกำหนดเพื่อการป้องกันรักษาแปลงที่ดินสาธารณะในการดูแลของกรุงเทพมหานคร” ทั้งแปลงที่ดินที่ถูกเข้าบุกรุก/อยู่เฉย ๆ ไม่จ่ายค่าเช่า ไปแล้วและที่ดินที่มีความเสี่ยงจะถูกบุกรุกเพิ่ม จัดทำเป็นประกาศกรุงเทพมหานครซึ่งผู้ละเมิดมีความผิด นำไปสู่การถูกปรับ/ลงโทษ
2) มีผลสำรวจชุมชนซึ่งตั้งอยู่ในที่ดินประเภทบุกรุกที่ดินสาธารณะในการดูแล ของกรุงเทพมหานคร ครบจำนวน 18 ชุมชน ใน 9 เขตดังกล่าวแล้ว ระบุรูปร่างและขนาดพื้นที่ดิน จำนวนอาคาร ขนาดพื้นที่อาคาร ลักษณะอาคารและจำนวนลักษณะประชากรบุกรุกที่ชัดเจน ทั้งแปลงที่ดิน ที่ถูกบุกรุกแล้ว และแปลงที่ดินบริเวณเดียวกันหรือใกล้เคียงที่มีความเสี่ยงจะถูกบุกรุก
3) ขยายผลสำรวจในข้อ 2 ให้ครอบคลุมที่ดินของกรมธนารักษ์อีก 62 ชุมชน ใน 9 เขตดังกล่าวแล้ว
4) มีผลการประชาสัมพันธ์เชิงรุก สร้างความเข้าใจกับชุมชน และการสร้างแนวรั้วทางกายภาพที่ชัดเจนเพื่อป้องกันรักษาที่ดินสาธารณะในข้อ 2) และ ข้อ 3)
5) มีฐานข้อมูล สถิติ ภูมิศาสตร์สารสนเทศ ชุดข้อมูลชุมชนแออัดและ/หรือผู้มีรายได้น้อยของ กรุงเทพมหานคร โดยบูรณาการข้อมูลเข้ากับชุดข้อมูลของการเคหะแห่งชาติ (กคช.)และโครงการบ้านมั่นคงที่มีแล้วอย่างน้อย 1 ชุดข้อมูล
6) มีรายงานผลการประสานงานภาคีเครือข่ายเจ้าของกรรมสิทธิ์ที่ดินที่มีต้นทุนที่เหมาะสม เช่น กรมธนารักษ์ สำนักงานทรัพย์สินพระมหากษัตริย์ กระทรวงมหาดไทย เป็นต้น อย่างน้อยปีละ 1 ฉบับ เพื่อสร้างความพร้อมร่วมลงทุนพัฒนาที่อยู่อาศัยสำหรับผู้มีรายได้น้อย
7) มีรายงานศึกษาความเป็นไปได้ในการดำเนินการโครงการจัดหาและพัฒนาที่อยู่อาศัย โดยเริ่มจากกลุ่มเป้าหมายประเภทผู้มีรายได้น้อยก่อน อย่างน้อยปีละ 1 ฉบับ
8) มีรายงานความร่วมมือระหว่างภาคีเครือข่ายด้านการพัฒนาที่อยู่อาศัยและคุณภาพชีวิต อย่างน้อยปีละ 1 ฉบับ"
10,กรุงเทพมหานคร,สำนักพัฒนาสังคม (สพส.),,,,,โครงการที่อยู่อาศัยของผู้มีรายได้น้อย พื้นที่เขตบึงกุ่ม,Yes,,S1: Supply,Pending,"104,292,000",พื้นที่ต้นแบบ: Affordable / Social Housing,(รอพัฒนาหลังจากสถานการณ์คลังดีขึ้น)
10,กรุงเทพมหานคร,สำนักพัฒนาสังคม (สพส.),,,,,โครงการที่อยู่อาศัยแบบผสมผสานการใช้งาน เพื่อพัฒนาพื้นที่รอบสถานีขนส่ง พื้นที่เขตบางกะปิ,Yes,,S1: Supply,Pending,"575,000,000",พื้นที่ต้นแบบ: TOD,(รอพัฒนาหลังจากสถานการณ์คลังดีขึ้น)
10,กรุงเทพมหานคร,สำนักพัฒนาสังคม (สพส.),,,,,โครงการที่อยู่อาศัยรองรับชุมชนผู้มีรายได้น้อย ข้าราชการและผู้สูงอายุ พื้นที่เขตหนองจอก,Yes,,S1: Supply,Pending,"455,200,000",พื้นที่ต้นแบบ: Affordable / Social Housing / คนชรา,(รอพัฒนาหลังจากสถานการณ์คลังดีขึ้น)
10,กรุงเทพมหานคร,สำนักพัฒนาสังคม (สพส.),,,,,โครงการที่อยู่อาศัยรองรับคนรุ่นใหม่และวัยทำงาน พื้นที่เขตคลองสาน,Yes,,S1: Supply,Pending,,พื้นที่ต้นแบบ: Housing เพื่อคนรุ่นใหม่และคนวัยทำงาน,(รอพัฒนาหลังจากสถานการณ์คลังดีขึ้น)
10,กรุงเทพมหานคร,"สถาบันพัฒนาองค์กรชุมชน (สพอ.)
สำนักพัฒนาสังคม (สพส.)
สำนักการโยธา (สนย.)
",,,,,สนับสนุนเงื่อนไขการดำรงชีพคนไร้บ้าน คนพิการ และกลุ่มเปราะบาง (8.2) - บ้านมั่นคง บ้านอิ่มใจ และฐานข้อมูลห้องเช่าราคาถูก,Yes,,"S1: Supply, S3: Stability",Active,,"บ้านมั่นคง บ้านอิ่มใจ (ประปาแม้นศรี)
ปรับปรุงบ้านเป็น UD
ฐานข้อมูลห้องเช่าราคาถูก","1. ร้อยละของกิจกรรม/โครงการที่บรรจุในแผนพัฒนาที่อยู่อาศัยกรุงเทพมหานครและแผนปฏิบัติการด้านที่อยู่อาศัยกรุงเทพมหานคร ที่นำไปปฏิบัติ
2. จำนวนรูปแบบการสนับสนุนผ่านกระบวนการบ้านมั่นคง (เช่น การจัดสวัสดิการ การพัฒนาพื้นที่สาธารณะในชุมชน สหกรณ์ออมทรัพย์ฯ ในพื้นที่ กทม.)
3. จำนวนอาคารที่ได้รับการปรับปรุงเป็น universal design แล้วเสร็จ
4. ความคืบหน้าในการพัฒนาบ้านอิ่มใจ (เพิ่มการให้บริการแบบครบวงจร เช่น เรื่องสุขภาพ การฝึกอาชีพ การจัดหางาน เป็นต้น)
5. จำนวนคนไร้บ้านที่เข้ามาใช้บ้านอิ่มใจ
6. จำนวนฐานข้อมูลห้องเช่าราคาถูกได้รับการปรับปรุงข้อมูลให้เป็นปัจจุบัน
7. จำนวนผลการศึกษาการดำเนินการกองทุนพัฒนาที่อยู่อาศัย
8. จำนวนฐานข้อมูลห้องพักชั่วคราวนักเรียนนักศึกษาจบใหม่ (housing incubator) และห้องเช่าราคาถูก ได้รับการปรับปรุงข้อมูลให้เป็นปัจจุบัน
"
10,กรุงเทพมหานคร,สำนักการคลัง (สนค.),สำนักงานเขต,,,,ระบบงาน เงิน คน ระเบียบที่มีประสิทธิภาพ (9.1) - ฐานข้อมูลที่อยู่อาศัย,Yes,,"S1: Supply, S3: Stability",Active,,Database,"1. เชื่อมพิกัด HouseID ใน BTAX
2. ความครบถ้วนในการบันทึกข้อมูลและการเปลี่ยนแปลงของอาคาร
3. ความคืบหน้าในการตรวจสอบและแก้ไขข้อมูลอาคาร"
,,,,,,,ระบบงาน เงิน คน ระเบียบที่มีประสิทธิภาพ (9.1) - พัฒนาแบบจำลองเสมือนกรุงเทพฯ (Digital Twin) เพื่อใช้วางแผนและแก้ปัญหาเมือง,Yes,,"S1: Supply, S3: Stability",Pending,,,"1.  ระบบการนำเสนอข้อมูลเมืองในรูปแบบ 3 มิติ ที่เชื่อมโยงข้อมูล GIS ในด้านต่างๆ
2. โครงการค่าใช้จ่ายในการจัดทำฐานข้อมูลภูมิสารสนเทศกลางและระบบบริหารจัดการฐานข้อมูลเมือง 
3. มีฐานข้อมูลที่ภาคส่วนต่างๆ ทั้งใน กรุงเทพมหานคร หน่วยงานภายนอก ภาคเอกชน และประชาขน สามารถเข้าถึง ข้อมูลที่เปิดเผย (Open Data)"
10,กรุงเทพมหานคร,สำนักพัฒนาสังคม (สพส.),สำนักงานเขต,,,,สร้างชุมชนเข้มแข็งร่วมพัฒนา (8.3) - ฐานข้อมูลชุมชน,Yes,,"S1: Supply, S3: Stability",Active,,Database และตัวกลาง digital literacy ชุมชน,"1. ร้อยละของข้อมูลหลังคาเรือนในชุมชน ขนาดเล็กและขนาดกลางทุกชุมชนได้จัดทำฐานข้อมูลออนไลน์ (เป้าหมาย : ฐานข้อมูลชุมชน)
2. ร้อยละของข้อมูลครัวเรือนได้รับการปรับปรุงให้เป็นปัจจุบัน โดยอาสาสมัครเทคโนโลยี (อสท.)"
10,กรุงเทพมหานคร,สำนักงานปกครองและทะเบียน (สปท.),สำนักงานเขต,,,,การมีส่วนร่วมในการแก้ไขปัญหาในพื้นที่เขตของคณะขับเคลื่อนการมีส่วนร่วมเพื่อการพัฒนาเขต ,Yes,,S3: Stability,Active,,,"1. จำนวนรายงานผลการดำเนินงานของคณะขับเคลื่อนการมีส่วนร่วมเพื่อการพัฒนาพื้นที่เขตค่าเป้าหมาย 50 ฉบับ 
2. จัดตั้งคณะขับเคลื่อนการมีส่วนร่วมเพื่อการพัฒนาเขต"
